Workbook

Sheet Hypotheses
A1: Hypothèses du scénario — Liaison Dakar-Thiès (G.652.D, 1550 nm, 10 Gbit/s)
A3: Paramètre | B3: Valeur | C3: Unité | D3: Source / Commentaire
A4: Pé : puissance optique émise par la source laser | B4: 3 | C4: dBm | D4: Section III.1 — émetteur
A5: Prmin : sensibilité minimale du récepteur | B5: -28 | C5: dBm | D5: Section III.1 — récepteur
A6: αeff: Atténuation linéique fibre | B6: 0.2 | C6: dB/km | D6: Section II.4
A7: Nombre de connecteurs | B7: 4 | C7: - | D7: 2 paires aux extrémités
A8: αconn : Perte par connecteur | B8: 0.3 | C8: dB | D8: Section III.1
A9: Msys : marge système réservée pour le vieillissement et la maintenance | B9: 3 | C9: dB | D9: Section III.1
A10: α_ép : Perte par épissure | B10: 0.05 | C10: dB | D10: Section III.1
A11: d_ép : Distance entre épissures | B11: 4 | C11: km | D11: raccordement bobines
A12: D : Coefficient dispersion chromatique de la fibre | B12: 17 | C12: ps/(nm.km) | D12: Section II.4
A13: Δλ : Largeur spectrale source laser DFB | B13: 0.01 | C13: nm | D13: Section II.5
A14: B: Débit binaire cible de la liaison | B14: 10 | C14: Gbit/s | D14: Section III.2
A15: PMD_coeff : Coefficient PMD (G.652.D) | B15: 0.05 | C15: ps/sqrt(km) | D15: Section II.4
A16: L : longueur de la liaison | B16: 65 | C16: km | D16: Cas d'application

Sheet Bilan_Puissance
A1: Bilan de puissance (Section III.1)
A3: Grandeur | B3: Valeur | C3: Unité | D3: Formule
A4: Pertes connecteurs (αconn) | B4: =Hypotheses!$B$7*Hypotheses!$B$8 -> 1.2 | C4: dB
A5: Budget (Pé - Pr_min) | B5: =Hypotheses!$B$4-Hypotheses!$B$5 -> 31 | C5: dB
A6: Pertes_fixes (αconn + M_sys ) | B6: =Bilan_Puissance!$B$4+Hypotheses!$B$9 -> 4.2 | C6: dB
A7: Budget propagation (Budget - Pertes fixes) | B7: =Bilan_Puissance!$B$5-Bilan_Puissance!$B$6 -> 26.8 | C7: dB
A8: α_ép_km : Atténuation équivalente épissures (α_ép/d_ép) | B8: =Hypotheses!$B$10/Hypotheses!$B$11 -> 0.0125 | C8: dB/km
A9: α_eff: Atténuation linéique effective (α + α_ép_km ) | B9: =Hypotheses!$B$6+Bilan_Puissance!$B$8 -> 0.2125 | C9: dB/km
A10: L_att : Portée maximale limitée par l'atténuation (Budget propagation/α_eff ) | B10: =Bilan_Puissance!$B$7/Bilan_Puissance!$B$9 -> 126.11765 | C10: km
A13: Vérification sur le scénario Dakar-Thiès (L = 65 km)
A14: Atténuation totale (alpha_eff*L + Pertes_fixes) | B14: =Bilan_Puissance!$B$9*Hypotheses!$B$16+Bilan_Puissance!$B$6 -> 18.0125 | C14: dB
A15: Puissance reçue (Pe - Atténuation totale) | B15: =Hypotheses!$B$4-Bilan_Puissance!$B$14 -> -15.0125 | C15: dBm
A16: Marge résiduelle (P_recue - Pr_min) | B16: =Bilan_Puissance!$B$15-Hypotheses!$B$5 -> 12.9875 | C16: dB
A18: Puissance reçue en fonction de la distance
A19: L (km) | B19: P_recue(L) (dBm) | C19: Pr_min (dBm)
A20: 0 | B20: =Hypotheses!$B$4-(Bilan_Puissance!$B$9*A20+Bilan_Puissance!$B$6) -> -1.2 | C20: =Hypotheses!$B$5 -> -28
A21: 5 | B21: =Hypotheses!$B$4-(Bilan_Puissance!$B$9*A21+Bilan_Puissance!$B$6) -> -2.2625 | C21: =Hypotheses!$B$5 -> -28
A22: 10 | B22: =Hypotheses!$B$4-(Bilan_Puissance!$B$9*A22+Bilan_Puissance!$B$6) -> -3.325 | C22: =Hypotheses!$B$5 -> -28
A23: 15 | B23: =Hypotheses!$B$4-(Bilan_Puissance!$B$9*A23+Bilan_Puissance!$B$6) -> -4.3875 | C23: =Hypotheses!$B$5 -> -28
A24: 20 | B24: =Hypotheses!$B$4-(Bilan_Puissance!$B$9*A24+Bilan_Puissance!$B$6) -> -5.45 | C24: =Hypotheses!$B$5 -> -28
A25: 25 | B25: =Hypotheses!$B$4-(Bilan_Puissance!$B$9*A25+Bilan_Puissance!$B$6) -> -6.5125 | C25: =Hypotheses!$B$5 -> -28
A26: 30 | B26: =Hypotheses!$B$4-(Bilan_Puissance!$B$9*A26+Bilan_Puissance!$B$6) -> -7.575 | C26: =Hypotheses!$B$5 -> -28
A27: 35 | B27: =Hypotheses!$B$4-(Bilan_Puissance!$B$9*A27+Bilan_Puissance!$B$6) -> -8.6375 | C27: =Hypotheses!$B$5 -> -28
A28: 40 | B28: =Hypotheses!$B$4-(Bilan_Puissance!$B$9*A28+Bilan_Puissance!$B$6) -> -9.7 | C28: =Hypotheses!$B$5 -> -28
A29: 45 | B29: =Hypotheses!$B$4-(Bilan_Puissance!$B$9*A29+Bilan_Puissance!$B$6) -> -10.7625 | C29: =Hypotheses!$B$5 -> -28
A30: 50 | B30: =Hypotheses!$B$4-(Bilan_Puissance!$B$9*A30+Bilan_Puissance!$B$6) -> -11.825 | C30: =Hypotheses!$B$5 -> -28
A31: 55 | B31: =Hypotheses!$B$4-(Bilan_Puissance!$B$9*A31+Bilan_Puissance!$B$6) -> -12.8875 | C31: =Hypotheses!$B$5 -> -28
... A52: 160 | B52: =Hypotheses!$B$4-(Bilan_Puissance!$B$9*A52+Bilan_Puissance!$B$6) -> -35.2 | C52: =Hypotheses!$B$5 -> -28

Sheet Bilan_Dispersion
A1: Bilan de dispersion (Section III.2)
A3: Grandeur | B3: Valeur | C3: Unité | D3: Formule / Note
A4: Durée d'un bit T = 1/B (B en Gbit/s -> T en ps) | B4: =1000/Hypotheses!$B$14 -> 100 | C4: ps
A5: ΔT_CD : Elargissement max admissible (ΔT_CD<=T/4) | B5: =Bilan_Dispersion!$B$4/4 -> 25 | C5: ps
A6: L_CD : Portée max limitée par dispersion chromatique (ΔT_CD / (D × Δλ) ) | B6: =Bilan_Dispersion!$B$5/(Hypotheses!$B$12*Hypotheses!$B$13) -> 147.05882 | C6: km
A7: ΔT_PMD : Elargissement max admissible PMD (ΔT_PMD <=T/10) | B7: =Bilan_Dispersion!$B$4/10 -> 10 | C7: ps
A8: L_PMD : Portée max limitée par PMD ((ΔT_PMD /PMD_coeff)^2) | B8: =(Bilan_Dispersion!$B$7/Hypotheses!$B$15)^2 -> 40000 | C8: km
A10: Vérification sur le scénario Dakar-Thiès (L = 65 km)
A11: Elargissement CD réel = D*L*dlambda | B11: =Hypotheses!$B$12*Hypotheses!$B$16*Hypotheses!$B$13 -> 11.05 | C11: ps
A12: Elargissement PMD réel = PMD_coeff*sqrt(L) | B12: =Hypotheses!$B$15*SQRT(Hypotheses!$B$16) -> 0.40311289 | C12: ps
A13: CD(dispersion chromatique) respecte le critère T/4 ? | B13: =IF(Bilan_Dispersion!$B$11<=Bilan_Dispersion!$B$5,"OUI","NON") -> OUI | C13: -
A14: PMD respecte le critère T/10 ? | B14: =IF(Bilan_Dispersion!$B$12<=Bilan_Dispersion!$B$7,"OUI","NON") -> OUI | C14: -

Sheet Synthese
A1: Synthèse — Portée maximale sans régénération (Section III.3)
A3: Contrainte | B3: Portée calculée (km) | C3: Facteur limitant ?
A4: Atténuation (bilan de puissance) | B4: =Bilan_Puissance!$B$10 -> 126.11765 | C4: =IF(B4=MIN($B$4:$B$6),"OUI - contrainte principale","Non") -> OUI - contrainte principale
A5: Dispersion chromatique | B5: =Bilan_Dispersion!$B$6 -> 147.05882 | C5: =IF(B5=MIN($B$4:$B$6),"OUI - contrainte principale","Non") -> Non
A6: PMD | B6: =Bilan_Dispersion!$B$8 -> 40000 | C6: =IF(B6=MIN($B$4:$B$6),"OUI - contrainte principale","Non") -> Non
A8: Portée maximale L_max = min(L_att, L_CD, L_PMD) | B8: =MIN(B4:B6) -> 126.11765 | C8: km
A10: Comparaison avec le scénario Dakar-Thiès
A11: Longueur de la liaison étudiée (L_scenario) | B11: =Hypotheses!$B$16 -> 65 | C11: km
A12: Marge sur la portée (L_max - L_scenario) | B12: =B8-B11 -> 61.117647 | C12: km
A13: Liaison faisable sans régénération ? | B13: =IF(B11<=B8,"OUI","NON") -> OUI

Sheet Sensibilite
A1: Analyse de sensibilité — impact des paramètres sur la portée
A2: Variation d'un paramètre à la fois autour du cas de base (G.652.D, Pe=3 dBm, Pr_min=-28 dBm, Msys=3 dB, D=17 ps/(nm.km), dlambda=0.01 nm, B=10 Gbit/s)
A4: Paramètre varié | B4: Valeur | C4: alpha (dB/km) | D4: D (ps/nm.km) | E4: L_att (km) | F4: L_CD (km)
A5: Type de fibre — G.652 / G.657 | B5: alpha=0.20, D=17 | C5: 0.2 | D5: 17 | E5: =((Hypotheses!$B$4-Hypotheses!$B$5)-(Hypotheses!$B$7*Hypotheses!$B$8+Hypotheses!$B$9))/(C5+(Hypotheses!$B$10/Hypotheses!$B$11)) -> 126.11765 | F5: =((1000/Hypotheses!$B$14)/4)/(D5*Hypotheses!$B$13) -> 147.05882
A6: Type de fibre — G.655 (NZDSF) | B6: alpha=0.20, D=4 | C6: 0.2 | D6: 4 | E6: =((Hypotheses!$B$4-Hypotheses!$B$5)-(Hypotheses!$B$7*Hypotheses!$B$8+Hypotheses!$B$9))/(C6+(Hypotheses!$B$10/Hypotheses!$B$11)) -> 126.11765 | F6: =((1000/Hypotheses!$B$14)/4)/(D6*Hypotheses!$B$13) -> 625
A7: Type de fibre — G.957 (SDH) | B7: alpha=0.25, D=17 | C7: 0.25 | D7: 17 | E7: =((Hypotheses!$B$4-Hypotheses!$B$5)-(Hypotheses!$B$7*Hypotheses!$B$8+Hypotheses!$B$9))/(C7+(Hypotheses!$B$10/Hypotheses!$B$11)) -> 102.09524 | F7: =((1000/Hypotheses!$B$14)/4)/(D7*Hypotheses!$B$13) -> 147.05882
A8: Marge système Msys = 1 dB | B8: alpha=0.20, D=17, Msys=1 | C8: 0.2 | D8: 17 | E8: =((Hypotheses!$B$4-Hypotheses!$B$5)-(Hypotheses!$B$7*Hypotheses!$B$8+1))/(C8+(Hypotheses!$B$10/Hypotheses!$B$11)) -> 135.52941 | F8: =((1000/Hypotheses!$B$14)/4)/(D8*Hypotheses!$B$13) -> 147.05882
A9: Marge système Msys = 5 dB | B9: alpha=0.20, D=17, Msys=5 | C9: 0.2 | D9: 17 | E9: =((Hypotheses!$B$4-Hypotheses!$B$5)-(Hypotheses!$B$7*Hypotheses!$B$8+5))/(C9+(Hypotheses!$B$10/Hypotheses!$B$11)) -> 116.70588 | F9: =((1000/Hypotheses!$B$14)/4)/(D9*Hypotheses!$B$13) -> 147.05882
A10: Source — laser DFB (dlambda=0,01 nm) | B10: dlambda=0.01 | C10: 0.2 | D10: 17 | E10: =((Hypotheses!$B$4-Hypotheses!$B$5)-(Hypotheses!$B$7*Hypotheses!$B$8+Hypotheses!$B$9))/(C10+(Hypotheses!$B$10/Hypotheses!$B$11)) -> 126.11765 | F10: =((1000/Hypotheses!$B$14)/4)/(D10*0.01) -> 147.05882
A11: Source — laser FP (dlambda=1 nm) | B11: dlambda_alt=1 | C11: 0.2 | D11: 17 | E11: =((Hypotheses!$B$4-Hypotheses!$B$5)-(Hypotheses!$B$7*Hypotheses!$B$8+Hypotheses!$B$9))/(C11+(Hypotheses!$B$10/Hypotheses!$B$11)) -> 126.11765 | F11: =((1000/Hypotheses!$B$14)/4)/(D11*1) -> 1.4705882
A12: Source — DEL (dlambda=2 nm) | B12: dlambda_alt=2 | C12: 0.2 | D12: 17 | E12: =((Hypotheses!$B$4-Hypotheses!$B$5)-(Hypotheses!$B$7*Hypotheses!$B$8+Hypotheses!$B$9))/(C12+(Hypotheses!$B$10/Hypotheses!$B$11)) -> 126.11765 | F12: =((1000/Hypotheses!$B$14)/4)/(D12*2) -> 0.73529412
A13: Débit B = 2,5 Gbit/s | B13: B=2.5 | C13: 0.2 | D13: 17 | E13: =((Hypotheses!$B$4-Hypotheses!$B$5)-(Hypotheses!$B$7*Hypotheses!$B$8+Hypotheses!$B$9))/(C13+(Hypotheses!$B$10/Hypotheses!$B$11)) -> 126.11765 | F13: =((1000/2.5)/4)/(D13*Hypotheses!$B$13) -> 588.23529
A14: Débit B = 10 Gbit/s | B14: B=10 | C14: 0.2 | D14: 17 | E14: =((Hypotheses!$B$4-Hypotheses!$B$5)-(Hypotheses!$B$7*Hypotheses!$B$8+Hypotheses!$B$9))/(C14+(Hypotheses!$B$10/Hypotheses!$B$11)) -> 126.11765 | F14: =((1000/10)/4)/(D14*Hypotheses!$B$13) -> 147.05882
A15: Débit B = 40 Gbit/s | B15: B=40 | C15: 0.2 | D15: 17 | E15: =((Hypotheses!$B$4-Hypotheses!$B$5)-(Hypotheses!$B$7*Hypotheses!$B$8+Hypotheses!$B$9))/(C15+(Hypotheses!$B$10/Hypotheses!$B$11)) -> 126.11765 | F15: =((1000/40)/4)/(D15*Hypotheses!$B$13) -> 36.764706
A17: Note : avec Delta-lambda = 0,01 nm (corrige), la G.655 (D=4) donne L_CD ~ 625 km, conforme au tableau comparatif du rapport. La valeur 'Delta-lambda = 0,1 nm' indiquee dans le texte (sections II.5 et III.2) est une coquille a corriger en 0,01 nm : c'est la valeur effectivement utilisee dans tous les calculs de L_CD du rapport (147 km, 625 km, etc.).
